dgp_name,n_obs,n_covariates,n_folds,mean_mae,mean_rmse,mean_coverage,mean_se_ratio,mean_nuisance_r2_y,mean_nuisance_r2_d,n_scenarios
dense_linear_independent,250,25,2,0.1775138580662555,0.1858198884868946,0.2,1.1683063540592835,0.3638563925335099,0.2840882327793458,1
dense_linear_independent,250,25,5,0.2043374532459794,0.2068956570730568,0.0,1.842985429601388,0.4205422130805981,0.3497910612019185,1
dense_linear_independent,250,25,10,0.1430689296958085,0.1536222793017431,0.3,1.0982484629704867,0.4334994065969173,0.3203750759606711,1
dense_linear_independent,250,50,2,0.1809291502689642,0.1907481885895911,0.3,0.9681494264191256,0.2904294275906808,0.2061069873669803,1
dense_linear_independent,250,50,5,0.1784126099064701,0.185250593365589,0.2,1.2068601439961053,0.3389328271612706,0.2360387008569039,1
dense_linear_independent,250,50,10,0.1732634730295331,0.1772001494333221,0.1,1.6400472369506989,0.3289841375138436,0.2565247301890382,1
dense_linear_independent,250,100,2,0.2272051536876155,0.2392288506253115,0.1,0.7914032936855238,0.2112643160128803,0.15636453016819,1
dense_linear_independent,250,100,5,0.2027776713129999,0.2058230379665282,0.0,1.622758240151594,0.2577334783467845,0.1868756035461993,1
dense_linear_independent,250,100,10,0.2220376814650461,0.2317677421576467,0.1,0.9459870668616632,0.2370195736875525,0.1650880650740168,1
dense_linear_independent,250,150,2,0.2325069697666185,0.2494011359371264,0.2,0.6987074655143396,0.165895488072082,0.1290154359897229,1
dense_linear_independent,250,150,5,0.2127117517445001,0.2261712972711622,0.2,0.7843612345197759,0.2092006608705972,0.1556827296458777,1
dense_linear_independent,250,150,10,0.2534444228232312,0.2562680255340256,0.0,1.5463244114636898,0.2014169509132546,0.1473770317864135,1
dense_linear_independent,250,300,2,0.2702357272916709,0.2728267092314036,0.0,1.6618017078201626,0.1230815524745001,0.0873811401439334,1
dense_linear_independent,250,300,5,0.2344577995253695,0.2411805490601681,0.0,1.0621307982592574,0.1508701517741769,0.0896319287821405,1
dense_linear_independent,250,300,10,0.2137599105125765,0.218508322807966,0.1,1.3376142383074363,0.1234331045994537,0.0882411454070445,1
dense_linear_independent,500,25,2,0.1220025961202631,0.1294580788562825,0.3,1.008325718332002,0.4681162420332684,0.3786444393655363,1
dense_linear_independent,500,25,5,0.1017337361051398,0.1105640013274308,0.4,1.0041202150421855,0.4929149623495127,0.4094415243352161,1
dense_linear_independent,500,25,10,0.0980340312768935,0.1085060646572094,0.6,0.9125173366220608,0.510569895974023,0.4030696376370254,1
dense_linear_independent,500,50,2,0.1728139258715472,0.1761994571561467,0.0,1.27160104385531,0.366407904280101,0.2794842778124493,1
dense_linear_independent,500,50,5,0.1369466927202717,0.1471193366498733,0.2,0.8068195707648699,0.3847245833129553,0.3084997416661,1
dense_linear_independent,500,50,10,0.1469755007168056,0.1515627968425113,0.0,1.1846929485916735,0.4093465841134758,0.3270313743125502,1
dense_linear_independent,500,100,2,0.209793537710121,0.212769632794226,0.0,1.2293555830698513,0.2919564297960506,0.2259892114018917,1
dense_linear_independent,500,100,5,0.1995427797436088,0.2024392445811307,0.0,1.2804688521764604,0.3276371560811638,0.2602661467406542,1
dense_linear_independent,500,100,10,0.169446907698277,0.1719228229144969,0.0,1.4906252173585433,0.326115690976372,0.2498558293228729,1
dense_linear_independent,500,150,2,0.2129228032703791,0.2161653887621034,0.0,1.111583390814994,0.2299757116411632,0.169008763645919,1
dense_linear_independent,500,150,5,0.203100479005337,0.2069967594078194,0.0,1.0502528100845423,0.261019526214327,0.2080719087585552,1
dense_linear_independent,500,150,10,0.2064263165851065,0.2072854797672348,0.0,2.324570660647624,0.2608515057440571,0.1989915619436563,1
dense_linear_independent,500,300,2,0.2380311927520479,0.2448723668928231,0.0,0.7222282733051346,0.1706407367165857,0.1294960264905141,1
dense_linear_independent,500,300,5,0.2133729647026036,0.2168767932331011,0.0,1.0833099281624736,0.2020168339423713,0.1426163311832158,1
dense_linear_independent,500,300,10,0.2272092322857748,0.2285270018396085,0.0,1.7488830883010138,0.1977378055714837,0.1481583206110944,1
dense_linear_independent,1000,25,2,0.0829707506411673,0.0842852725717799,0.1,2.09332339539816,0.5238851440442973,0.4091107894962543,1
dense_linear_independent,1000,25,5,0.0761015693545314,0.0852582050527757,0.4,0.8027405690420373,0.549025546639822,0.4537420247157997,1
dense_linear_independent,1000,25,10,0.0643149203729748,0.0746663145061554,0.5,0.7955861868142986,0.5479588416844521,0.437308814610865,1
dense_linear_independent,1000,50,2,0.1350463324392351,0.1379446175531069,0.0,1.1261862175193644,0.4351444256128792,0.3517614554369567,1
dense_linear_independent,1000,50,5,0.1097131560194069,0.1132079793479554,0.0,1.1110986194830843,0.4642900261933693,0.3778870925661279,1
dense_linear_independent,1000,50,10,0.1235219099160595,0.1270206647142917,0.0,1.0411232287401428,0.4786879888114471,0.3860866068883865,1
dense_linear_independent,1000,100,2,0.1787210793409225,0.1800128601869991,0.0,1.412430459951392,0.3529473741702427,0.2783401098725989,1
dense_linear_independent,1000,100,5,0.1649969084608406,0.1654209753523124,0.0,2.653545823924892,0.3885403635934489,0.3062504966072609,1
dense_linear_independent,1000,100,10,0.1557493813563719,0.1570804812677976,0.0,1.510625576412601,0.390290876282577,0.3138794364642894,1
dense_linear_independent,1000,150,2,0.2002235554572599,0.2010539817256029,0.0,1.700675016683291,0.282610933123493,0.2253892371378685,1
dense_linear_independent,1000,150,5,0.1735434469984348,0.1754327791103422,0.0,1.1597004228830248,0.341198702521048,0.2663701381563248,1
dense_linear_independent,1000,150,10,0.1700634777829278,0.1715594937097526,0.0,1.3734398826318974,0.3448439221049088,0.2648333346767128,1
dense_linear_independent,1000,300,2,0.2400490018537771,0.2408066069457757,0.0,1.5750564104259033,0.2118120988665419,0.1637834818820651,1
dense_linear_independent,1000,300,5,0.2131855358344511,0.2173080532902433,0.0,0.7170131478403651,0.2641340180278331,0.2085277024397639,1
dense_linear_independent,1000,300,10,0.1792703997076514,0.1806107929631472,0.0,1.3794457788845866,0.2589363529599334,0.198423108134987,1
sparse_linear_correlated,250,25,2,0.1625468498175425,0.1698659479449521,0.3,1.180876647357735,0.4824843790929031,0.5399026534327664,1
sparse_linear_correlated,250,25,5,0.1427813435516415,0.1530328926562962,0.2,0.9632875047265438,0.5179303818405844,0.5654393094627761,1
sparse_linear_correlated,250,25,10,0.1168545997602283,0.1283186216409084,0.5,0.9549279447557136,0.529159346122454,0.5716639677183885,1
sparse_linear_correlated,250,50,2,0.1962216211093978,0.2022808333462616,0.0,1.089909487562683,0.3985379490330308,0.4485899401926858,1
sparse_linear_correlated,250,50,5,0.1495174872433687,0.1526631047909042,0.2,1.7735225604542997,0.4724102097165684,0.5028342090917313,1
sparse_linear_correlated,250,50,10,0.1525103411125963,0.1587013996141653,0.2,1.1877670400817346,0.4438013754602036,0.493682314907499,1
sparse_linear_correlated,250,100,2,0.2048342140314455,0.2087635051174152,0.0,1.2122238539794985,0.3125737739711777,0.3647640450175756,1
sparse_linear_correlated,250,100,5,0.1956532820355251,0.2016076601913471,0.0,1.0583870753994264,0.3649392151433061,0.4187012986142296,1
sparse_linear_correlated,250,100,10,0.1992310868327881,0.1996717281892593,0.0,3.928208468661673,0.3784518389874632,0.4235567999068873,1
sparse_linear_correlated,250,150,2,0.2079288797781148,0.2116206079772425,0.0,1.165910800647143,0.2652971846865909,0.3008882534889169,1
sparse_linear_correlated,250,150,5,0.2019469518443578,0.2091116150282933,0.1,0.8980334525272512,0.3049603463901565,0.3479026791727565,1
sparse_linear_correlated,250,150,10,0.1929586925681604,0.1969448890566368,0.0,1.2424726799512715,0.3107834233028693,0.3494226485440856,1
sparse_linear_correlated,250,300,2,0.2289069472937754,0.2318258783019283,0.0,1.18288664674948,0.1910550093894842,0.2312681403081699,1
sparse_linear_correlated,250,300,5,0.242940778629053,0.2479863303843434,0.0,0.9321220203386604,0.2355602650734853,0.2744667778852335,1
sparse_linear_correlated,250,300,10,0.2083698236344124,0.2129798765810784,0.0,1.087394223865254,0.2135496109156725,0.2568089568053328,1
sparse_linear_correlated,500,25,2,0.1248619033648649,0.1290297246308954,0.0,1.2486032323665757,0.5664616362376943,0.5981573886770015,1
sparse_linear_correlated,500,25,5,0.0915402082372056,0.0974525967514076,0.4,1.2769768881040426,0.6078197301038062,0.638892846310096,1
sparse_linear_correlated,500,25,10,0.1083646125755507,0.1135745541341242,0.2,1.235934382747767,0.5992925103986323,0.639209780709248,1
sparse_linear_correlated,500,50,2,0.178309934017328,0.181358511983315,0.0,1.21787378872893,0.4840147373334226,0.5407336909645157,1
sparse_linear_correlated,500,50,5,0.1398101065722636,0.1433221844271555,0.0,1.253921797667043,0.5253079481913399,0.5688781982963915,1
sparse_linear_correlated,500,50,10,0.1579777193976837,0.160340986012008,0.0,1.4954046356570685,0.513889516585232,0.5720301112561421,1
sparse_linear_correlated,500,100,2,0.1771856327271927,0.1792882355319814,0.0,1.3622310632692638,0.398427352299425,0.4516752531457093,1
sparse_linear_correlated,500,100,5,0.1815204598869428,0.1853616161403753,0.0,1.039741951940046,0.4301496198827266,0.4778948486703863,1
sparse_linear_correlated,500,100,10,0.1554064363968375,0.1622756990767249,0.0,0.8611802027675319,0.4550782142636512,0.5008861627471258,1
sparse_linear_correlated,500,150,2,0.1971489804534239,0.2021329742748069,0.0,0.7904778088034253,0.3517242705176692,0.4017967626874255,1
sparse_linear_correlated,500,150,5,0.1986319036688323,0.2010271361756239,0.0,1.193197893199056,0.4092991045871429,0.4601752586053533,1
sparse_linear_correlated,500,150,10,0.1679103061344761,0.1703878116948083,0.0,1.2437389964125063,0.40540100110695,0.4452117540818822,1
sparse_linear_correlated,500,300,2,0.1987789242393127,0.2015561417518444,0.0,0.9912543935876236,0.2822843119437825,0.3195295674805227,1
sparse_linear_correlated,500,300,5,0.2075978809997246,0.2103602523479082,0.0,1.0149685275642963,0.3003701660546258,0.3547532528998545,1
sparse_linear_correlated,500,300,10,0.2049834676867989,0.2072513289599431,0.0,1.1430761282016657,0.324999371759001,0.3794490464188872,1
sparse_linear_correlated,1000,25,2,0.0906994413051509,0.0973702338806694,0.1,0.8334414026677394,0.6056863873926022,0.6351919980523195,1
sparse_linear_correlated,1000,25,5,0.0666000089687588,0.0747457833117455,0.4,0.8798551323208134,0.6322155733021741,0.6609686573510112,1
sparse_linear_correlated,1000,25,10,0.0808683792460883,0.0847821670381546,0.3,1.1953450136830843,0.6304293527439091,0.6600890569109564,1
sparse_linear_correlated,1000,50,2,0.1318550805749965,0.1332241068690886,0.0,1.4791448912239062,0.537241818325666,0.5779699482785723,1
sparse_linear_correlated,1000,50,5,0.1268058676479494,0.1299650232843821,0.0,1.0221237261900535,0.5635707260405898,0.6023536465401111,1
sparse_linear_correlated,1000,50,10,0.116834953319863,0.1202646069352929,0.0,1.0164451928226346,0.5745327210782623,0.6164820299320735,1
sparse_linear_correlated,1000,100,2,0.1774845836807387,0.1786795941730309,0.0,1.3477195721357436,0.4725941494577298,0.5233486082093659,1
sparse_linear_correlated,1000,100,5,0.1515238691243928,0.1529303964392131,0.0,1.33350225663191,0.5041362443307639,0.5522156585625779,1
sparse_linear_correlated,1000,100,10,0.1543614289911722,0.1558598190080439,0.0,1.335467738800677,0.5114681217562601,0.562378453833447,1
sparse_linear_correlated,1000,150,2,0.1950113758564363,0.1954977452853424,0.0,1.89680582448328,0.4159286779329097,0.4697191523714182,1
sparse_linear_correlated,1000,150,5,0.1734455918452281,0.1744046755995514,0.0,1.5065347731443814,0.4488061509819009,0.5019069816390975,1
sparse_linear_correlated,1000,150,10,0.1621704920630497,0.1646465074409183,0.0,0.9579065267393136,0.4593292319942761,0.5081460662675779,1
sparse_linear_correlated,1000,300,2,0.2061634219169925,0.2070465659783615,0.0,1.3021117172270753,0.3348301383625917,0.3801643114809884,1
sparse_linear_correlated,1000,300,5,0.2015888783924349,0.2026448252860016,0.0,1.2208648689617034,0.3809768160133606,0.4296853612999734,1
sparse_linear_correlated,1000,300,10,0.1910405456120836,0.1924824097376742,0.0,1.1014928759350655,0.3777865102999145,0.424857473414579,1
sparse_linear_independent,250,25,2,0.1716715452800497,0.1805653653645559,0.3,1.046176974669978,0.369520072562615,0.2845130310691193,1
sparse_linear_independent,250,25,5,0.136181976042036,0.1494298054132091,0.5,1.0221804462451904,0.4286923635107896,0.3312379502274045,1
sparse_linear_independent,250,25,10,0.1289872541473265,0.1352582219305279,0.4,1.4533289803982448,0.4257013281247978,0.327558749333074,1
sparse_linear_independent,250,50,2,0.1908992606851804,0.1953462817955624,0.1,1.4007949588297972,0.2937358509593846,0.2261052254258962,1
sparse_linear_independent,250,50,5,0.1921438168194761,0.1980261775586091,0.2,1.3708200931818355,0.3365395185626189,0.2445278855422584,1
sparse_linear_independent,250,50,10,0.1602865736391118,0.1636364331167224,0.0,1.7674486497468216,0.3359118850004849,0.2531437630640381,1
sparse_linear_independent,250,100,2,0.2466502514106648,0.2477391846669129,0.0,2.6387398278685072,0.2040525437592954,0.1561005973393448,1
sparse_linear_independent,250,100,5,0.1789659415289621,0.1951074689994029,0.4,0.7731013762630661,0.271140693197422,0.1979203824473437,1
sparse_linear_independent,250,100,10,0.2470007874319748,0.2527837283426394,0.0,1.099988428035787,0.2407251371330701,0.1754315829364742,1
sparse_linear_independent,250,150,2,0.1940156856953143,0.2020766871263619,0.1,1.0564203761068007,0.1764926238082962,0.1069032833497378,1
sparse_linear_independent,250,150,5,0.2558998239424133,0.2598178664755064,0.0,1.3011250964530905,0.2020261617465845,0.1526531172042108,1
sparse_linear_independent,250,150,10,0.2020710248075825,0.2084626611604501,0.1,1.1521972884507847,0.2124053398308401,0.1422634418130259,1
sparse_linear_independent,250,300,2,0.2439136922670037,0.2591928750110357,0.0,0.6957302351076143,0.1048677344221101,0.0835471041915024,1
sparse_linear_independent,250,300,5,0.2319694967298914,0.2402640066160778,0.2,0.9660348424833312,0.1406730515335901,0.1078740447651745,1
sparse_linear_independent,250,300,10,0.252215256824425,0.2566193399057729,0.0,1.2575046856327727,0.1286389161265668,0.0842819771503982,1
sparse_linear_independent,500,25,2,0.0995238592859436,0.1062759435987409,0.5,1.133619324356589,0.4718613708756762,0.3644493252903812,1
sparse_linear_independent,500,25,5,0.0948620388856749,0.1049226342174387,0.3,0.9692465180212948,0.4871622856551275,0.3795051880577517,1
sparse_linear_independent,500,25,10,0.0961527718234279,0.1054494811001236,0.5,1.0108461862211815,0.5016077857796335,0.3983654450553907,1
sparse_linear_independent,500,50,2,0.1721059719103816,0.1789269001024848,0.1,0.8961989492281003,0.3701482736206556,0.2923968406781662,1
sparse_linear_independent,500,50,5,0.1361501102873342,0.1383318590628086,0.0,1.8263212175849957,0.4144827642026082,0.3170991516462511,1
sparse_linear_independent,500,50,10,0.1674879034522723,0.1696713973665707,0.0,1.6424565916973064,0.4202609663764448,0.3273837491819517,1
sparse_linear_independent,500,100,2,0.1913350709500157,0.1976583926524037,0.0,0.9045057604706154,0.2976272698975234,0.2212998002001836,1
sparse_linear_independent,500,100,5,0.2047325488496499,0.2077814116226864,0.0,1.259395220508823,0.326662712340927,0.2676550297528766,1
sparse_linear_independent,500,100,10,0.1905630850804765,0.1964705445654181,0.0,0.9204046219397776,0.3249685008440143,0.2423398534636204,1
sparse_linear_independent,500,150,2,0.2468482697818761,0.2517549072996779,0.0,0.8477504202895224,0.2233529781964602,0.1752594703630538,1
sparse_linear_independent,500,150,5,0.2263321266070136,0.2310983007120012,0.0,0.9398770184892546,0.2654745074200517,0.2046255047696996,1
sparse_linear_independent,500,150,10,0.1959095019738979,0.2010602342138757,0.0,0.944216683444194,0.2744834080040181,0.2091028594910634,1
sparse_linear_independent,500,300,2,0.2558395724052003,0.26006516479103,0.0,0.8870368802345697,0.1648396364424879,0.1377130792274899,1
sparse_linear_independent,500,300,5,0.2373351296711987,0.2423391307731461,0.0,0.8806226967575694,0.1979201803839483,0.1523833535513383,1
sparse_linear_independent,500,300,10,0.2439421660521477,0.246860951228953,0.0,1.0946757734410315,0.1930746470549935,0.1443958817142444,1
sparse_linear_independent,1000,25,2,0.0915864311380573,0.1004525805725474,0.4,0.7567332292134319,0.5245062332784739,0.4283990450409426,1
sparse_linear_independent,1000,25,5,0.0721628717705754,0.0750772211062709,0.4,1.5079152101465856,0.5563430772568828,0.4569692432048552,1
sparse_linear_independent,1000,25,10,0.0673150329311962,0.0748843728254989,0.2,0.9647700281966868,0.5565615993555755,0.4563464281673244,1
sparse_linear_independent,1000,50,2,0.1258260172598363,0.1285192651731625,0.0,1.167263161968983,0.4496752725524238,0.348071831150205,1
sparse_linear_independent,1000,50,5,0.1200054180435713,0.1210030439436317,0.0,2.0104605034352985,0.47852124462299,0.3787032628769983,1
sparse_linear_independent,1000,50,10,0.1208127644475091,0.1246692621153752,0.0,1.0085881634641285,0.4777004107559861,0.3858585753891342,1
sparse_linear_independent,1000,100,2,0.168729263958394,0.1723663020142002,0.0,0.8828041074866907,0.3591030641825779,0.2833664579788135,1
sparse_linear_independent,1000,100,5,0.1763952534298512,0.1789836131890842,0.0,1.0187446003714469,0.3880768831125961,0.3188379490779794,1
sparse_linear_independent,1000,100,10,0.1653788854051212,0.1672114776177547,0.0,1.2745926769659446,0.3968011913799538,0.3184526210709745,1
sparse_linear_independent,1000,150,2,0.2007043884642278,0.2016535605339761,0.0,1.549279942465454,0.302968545452526,0.2439658717227188,1
sparse_linear_independent,1000,150,5,0.1891896677049821,0.1901878127711629,0.0,1.6295439464833252,0.3338472553189912,0.256688783888045,1
sparse_linear_independent,1000,150,10,0.189671488382682,0.1913919304730671,0.0,1.1853995125470118,0.3517016753969278,0.2725202544207243,1
sparse_linear_independent,1000,300,2,0.2289970538714888,0.2316361926649827,0.0,0.8794390372879998,0.221274863277293,0.1685614349831462,1
sparse_linear_independent,1000,300,5,0.2175941478738386,0.2195482357005334,0.0,1.0471358709627998,0.2775150463602006,0.2084243077431721,1
sparse_linear_independent,1000,300,10,0.2271522714318767,0.2289040728529457,0.0,1.0606351450179927,0.2701642687069125,0.2099151007414929,1
weak_signal_sparse,250,25,2,0.0674696524084619,0.0923184077272729,0.8,0.719536202044676,-0.0016422968091121,-0.0054858757223264,1
weak_signal_sparse,250,25,5,0.0577935092902273,0.0883610424554569,0.9,0.7241242226056284,0.0316306957407087,-0.0184073939110645,1
weak_signal_sparse,250,25,10,0.0659651853815539,0.0746251138960872,0.9,0.8335224474606433,0.0127915050052525,-0.0362496491479319,1
weak_signal_sparse,250,50,2,0.0569500625694334,0.0667580656447323,1.0,0.9773294167141656,0.0178554385506498,-0.0033152572193742,1
weak_signal_sparse,250,50,5,0.0451410212744971,0.0516750362122477,1.0,1.2141412806261482,0.0348095110007207,-0.0052786611280914,1
weak_signal_sparse,250,50,10,0.0465591532962723,0.0573252769663136,1.0,1.1155912151342866,0.0045941915101686,-0.029478952371468,1
weak_signal_sparse,250,100,2,0.0439615816198514,0.0542143410096551,1.0,1.107641453376646,0.0054879007520909,-0.0162246185634347,1
weak_signal_sparse,250,100,5,0.0585110248210325,0.0841773051996286,0.9,0.7406584272243859,-0.0027032080636158,-0.0069817058735105,1
weak_signal_sparse,250,100,10,0.0828921541305543,0.0962302714464595,0.8,0.6292755147907995,-0.0051072288769261,-0.0308362868975484,1
weak_signal_sparse,250,150,2,0.0450677194932108,0.0606370897120103,0.9,1.176493178688463,-0.006146619342031,-0.0136057654715264,1
weak_signal_sparse,250,150,5,0.0493445263659911,0.0656151417835129,1.0,1.2804229320823703,-0.0095961660944316,-0.0164030028285827,1
weak_signal_sparse,250,150,10,0.0507961789272329,0.0603219429749394,1.0,1.1945023466933689,-0.0284296406475071,-0.0444271434114969,1
weak_signal_sparse,250,300,2,0.0645705216614793,0.0759676300701509,0.9,1.1179772288711736,-0.0335585871608534,-0.0274924058870671,1
weak_signal_sparse,250,300,5,0.0492527939025339,0.0632778805326895,0.9,0.9706408162708372,-0.0177859617767201,-0.0256802348092797,1
weak_signal_sparse,250,300,10,0.0709976587708669,0.0776203766360749,0.9,1.0224641231459537,-0.0368580299523149,-0.0358814599559531,1
weak_signal_sparse,500,25,2,0.0303214530855732,0.0383831158801713,1.0,1.1183548546731357,0.0483531682823688,0.0186769470398021,1
weak_signal_sparse,500,25,5,0.0309986652489473,0.040187376736006,1.0,1.064813692802795,0.0384917503785861,0.0013185556385339,1
weak_signal_sparse,500,25,10,0.0443728041007907,0.0551140077189009,1.0,0.8264944803744524,0.0604360477295646,0.0096623279770381,1
weak_signal_sparse,500,50,2,0.0426377510035177,0.0535519421945576,0.9,0.7710648163308648,0.0478538907680283,0.015128232876781,1
weak_signal_sparse,500,50,5,0.0307398330700526,0.0364294073222614,1.0,1.3287883914360208,0.0379749670289897,0.0165312173325825,1
weak_signal_sparse,500,50,10,0.0356096937996079,0.0405947002030306,1.0,1.058651651263712,0.0387713940334224,0.0117407631796256,1
weak_signal_sparse,500,100,2,0.0553848994128374,0.0636331134906025,0.8,1.3944291749017503,0.0191612400914034,0.0074463750138866,1
weak_signal_sparse,500,100,5,0.0356546191916594,0.0426025001869696,1.0,1.3767351018193563,0.0336704252698763,0.003963011823503,1
weak_signal_sparse,500,100,10,0.050591635420329,0.0648998461133794,0.9,0.7570435371325421,0.0308514072547162,0.0097605858850473,1
weak_signal_sparse,500,150,2,0.0344475401700334,0.0423806043080064,1.0,1.4923846624861024,0.0181929285667833,0.0066850233894838,1
weak_signal_sparse,500,150,5,0.0488937455921417,0.0590537743371405,0.8,0.7677639109298163,0.0187271490655916,-0.0025314370061463,1
weak_signal_sparse,500,150,10,0.0347351799253417,0.0426134530375068,1.0,1.204368589591314,0.0134637149853826,-0.0130188236285269,1
weak_signal_sparse,500,300,2,0.049322105399237,0.0557198587818561,0.9,0.8079953194971505,0.0054659355820174,-0.0005605487091077,1
weak_signal_sparse,500,300,5,0.0492646106183946,0.0586447214689725,0.9,0.8595692101742376,0.0042208759908719,-0.0109808321418409,1
weak_signal_sparse,500,300,10,0.0463475347054928,0.05754468283719,0.8,1.0543600444291517,0.0055151241999069,-0.0146853650041611,1
weak_signal_sparse,1000,25,2,0.0293794518399503,0.0330336098420024,1.0,0.9217858589005232,0.0680434982043377,0.0264150885123744,1
weak_signal_sparse,1000,25,5,0.0201570710374394,0.0287996994836737,0.9,1.0272016260699908,0.0841026582869525,0.0385526790119871,1
weak_signal_sparse,1000,25,10,0.0253746760335996,0.0350802375079359,0.9,0.9687050364141228,0.0656438072187489,0.0324656334934395,1
weak_signal_sparse,1000,50,2,0.0305167181405646,0.0335227015325688,1.0,0.936304513410084,0.0631547859536707,0.0343805550839112,1
weak_signal_sparse,1000,50,5,0.0216052625146261,0.0299953315347647,0.9,1.023454371130977,0.0797160075350382,0.0408125083620083,1
weak_signal_sparse,1000,50,10,0.022444761371808,0.0270915887185558,1.0,1.1437382850785378,0.0740420534704511,0.0319618025372218,1
weak_signal_sparse,1000,100,2,0.0342645156121755,0.0372321219775822,0.9,0.8257343179796873,0.0424752203692634,0.0078154093631003,1
weak_signal_sparse,1000,100,5,0.0193735382110718,0.0220151253904211,1.0,1.8029440649359745,0.0443135615230507,0.021552720774045,1
weak_signal_sparse,1000,100,10,0.0241895206540121,0.0319355751752349,1.0,1.0108704984268495,0.0473404383354061,0.0190010674134977,1
weak_signal_sparse,1000,150,2,0.0309694174737903,0.0359179913287037,1.0,1.3310238200985434,0.0379884769596731,0.01767782230548,1
weak_signal_sparse,1000,150,5,0.0203225285830966,0.0246945556680341,1.0,1.5990350828666422,0.0476921721052028,0.0190338047555034,1
weak_signal_sparse,1000,150,10,0.0249197606447708,0.0295352995755074,0.9,1.2913121806301089,0.0400849519751361,0.0152815568605134,1
weak_signal_sparse,1000,300,2,0.0219618944603219,0.0291864466167268,1.0,1.0467770784663846,0.0198142861975412,0.0030701175534901,1
weak_signal_sparse,1000,300,5,0.0277713995701921,0.0306564962588941,1.0,1.0804283424550976,0.0279574265072725,0.0086909487043218,1
weak_signal_sparse,1000,300,10,0.0193430003735611,0.0248190067609973,1.0,1.29071888580964,0.0249451902503004,0.0038961683657508,1
